-- MySQL dump 10.13  Distrib 8.0.36, for Win64 (x86_64)
--
-- Host: localhost    Database: news_api
-- ------------------------------------------------------
-- Server version	8.0.36

/*!40101 SET @OLD_CHARACTER_SET_CLIENT=@@CHARACTER_SET_CLIENT */;
/*!40101 SET @OLD_CHARACTER_SET_RESULTS=@@CHARACTER_SET_RESULTS */;
/*!40101 SET @OLD_COLLATION_CONNECTION=@@COLLATION_CONNECTION */;
/*!50503 SET NAMES utf8 */;
/*!40103 SET @OLD_TIME_ZONE=@@TIME_ZONE */;
/*!40103 SET TIME_ZONE='+00:00' */;
/*!40014 SET @OLD_UNIQUE_CHECKS=@@UNIQUE_CHECKS, UNIQUE_CHECKS=0 */;
/*!40014 SET @OLD_FOREIGN_KEY_CHECKS=@@FOREIGN_KEY_CHECKS, FOREIGN_KEY_CHECKS=0 */;
/*!40101 SET @OLD_SQL_MODE=@@SQL_MODE, SQL_MODE='NO_AUTO_VALUE_ON_ZERO' */;
/*!40111 SET @OLD_SQL_NOTES=@@SQL_NOTES, SQL_NOTES=0 */;

--
-- Table structure for table `news`
--

DROP TABLE IF EXISTS `news`;
/*!40101 SET @saved_cs_client     = @@character_set_client */;
/*!50503 SET character_set_client = utf8mb4 */;
CREATE TABLE `news` (
  `ID_news` int NOT NULL AUTO_INCREMENT,
  `source_name` varchar(255) DEFAULT NULL,
  `author` varchar(255) DEFAULT NULL,
  `title` varchar(255) DEFAULT NULL,
  `description` text,
  `url` text,
  `url_to_image` text,
  `published_at` varchar(255) DEFAULT NULL,
  `content` text,
  PRIMARY KEY (`ID_news`)
) ENGINE=InnoDB AUTO_INCREMENT=47 DEFAULT CHARSET=utf8mb4 COLLATE=utf8mb4_0900_ai_ci;
/*!40101 SET character_set_client = @saved_cs_client */;

--
-- Dumping data for table `news`
--

LOCK TABLES `news` WRITE;
/*!40000 ALTER TABLE `news` DISABLE KEYS */;
INSERT INTO `news` VALUES (1,'Business Insider','Insider Inc.','How the US Army refined its battle-tested, controversial M4 Carbine for modern combat','The M4A1 has improved accuracy and new ammo, and it could see more upgrades in coming years as part of the Army\'s ongoing effort to modernize the M4.','https://www.businessinsider.com/us-army-upgraded-m4-rifles-enhance-soldiers-in-combat-2024-5','https://i.insider.com/664cbd7f9fc063e829b3446c?width=1200&format=jpeg','2024-05-21T16:18:21Z','A US Marine fires an M4A1 carbine at a live-fire training in Barira, Philippines.US Marine Corps photo by Sgt. Shaina Jupiter\r\n<ul><li>The US Army upgraded its nearly 500,000 M4 carbines to more leth… [+4570 chars]'),(2,'Business Insider','Benjamin Zhang','I drove a $50,000 Subaru Ascent SUV. These were my 14 favorite features.','I drove a $50,000 Subaru Ascent Touring SUV. I loved the Ascent\'s powerful engine, Symmetrical AWD system, and EyeSight safety system.','https://www.businessinsider.com/subaru-ascent-suv-review-best-tech-features-2024-5','https://i.insider.com/664625029fc063e829b1bd28?width=1200&format=jpeg','2024-05-17T14:33:13Z','Our 2024 Subaru Ascent Touring test car in Dark Mahogany PearlBenjamin Zhang/Business Insider\r\n<ul><li>The Subaru Ascent is a midsize, all-wheel-drive, three-row family SUV.</li><li>I recently review… [+6863 chars]'),(3,'ReadWrite','Paul McNally','Minecraft builder spends two years and over 4000 hours recreating Chernobyl nuclear power plant using original plans','We have seen some incredible builds in Minecraft during its 15 years. The amount of time and effort builders put… Continue reading Minecraft builder spends two years and over 4000 hours recreating Chernobyl nuclear power plant using original plans\nThe post Mi…','https://readwrite.com/minecraft-builder-spends-two-years-and-over-4000-hours-recreating-the-chernobyl-nuclear-power-plant-using-original-floor-plans/','https://readwrite.com/wp-content/uploads/2024/05/chernobyl1.jpg','2024-05-23T13:18:55Z','We have seen some incredible builds in Minecraft during its 15 years. The amount of time and effort builders put into these things is incredible. I used to be pleased with my own little world I have … [+1918 chars]'),(4,'The Next Web','Elaine Burke','7 certifications software developers should consider to grow their career','The necessity of professional certifications is debated, with many software developers pooh-poohing their relevance when it comes to securing a job. But in a competitive job market, anything that can give you an edge or help you stand out as a candidate is wo…','https://thenextweb.com/news/7-certifications-software-developers-grow-career','https://img-cdn.tnwcdn.com/image/tnw-blurple?filter_last=1&fit=1280%2C640&url=https%3A%2F%2Fcdn0.tnwcdn.com%2Fwp-content%2Fblogs.dir%2F1%2Ffiles%2F2024%2F05%2FAdd-a-heading.jpg&signature=eb7287eacf30f11e694cee8ac534b3f3','2024-05-15T07:40:00Z','The necessity of professional certifications is debated, with many software developers pooh-poohing their relevance when it comes to securing a job. But in a competitive job market, anything that can… [+6373 chars]'),(5,'The Next Web','Thomas Macaulay','As Kubernetes turns 10, experts predict the future of cloud-native','In June, Kubernetes celebrates its tenth birthday. The system is now so widely used by hundreds of thousands of companies worldwide to scale their applications to meet demand it’s hard even to remember a time before it existed. But there was a time when other…','https://thenextweb.com/news/the-future-of-cloud-native-kubernetes','https://img-cdn.tnwcdn.com/image/tnw-blurple?filter_last=1&fit=1280%2C640&url=https%3A%2F%2Fcdn0.tnwcdn.com%2Fwp-content%2Fblogs.dir%2F1%2Ffiles%2F2024%2F05%2FUntitled-design-2.jpg&signature=142214923a2e51c66f5a1b591cd79410','2024-05-02T08:05:30Z','In June, Kubernetes celebrates its tenth birthday. The system is now so widely used by hundreds of thousands of companies worldwide to scale their applications to meet demand its hard even to remembe… [+10258 chars]'),(6,'Hackaday','Lewin Day','You Can Use Visual Studio Code To Write Commodore 64 Assembly','Once upon a time, you might have developed for the Commodore 64 using the very machine itself. You’d use the chunky old keyboard, a tape drive, or the 1541 disk drive if you wanted to work fa…','https://hackaday.com/2024/04/29/you-can-use-visual-studio-code-to-write-commodore-64-assembly/','https://hackaday.com/wp-content/uploads/2024/04/Use-Kick-Assembler-and-Visual-Studio-Code-to-write-Commodore-64-Assembly-Language-25-44-screenshot.png','2024-04-30T05:00:03Z','Once upon a time, you might have developed for the Commodore 64 using the very machine itself. You’d use the chunky old keyboard, a tape drive, or the 1541 disk drive if you wanted to work faster. Th… [+1037 chars]'),(7,'Xataka.com','Javier Marquez','Estos dos lenguajes de programación de la década de 1950 siguen haciendo historia: vuelven a estar entre los más populares del mundo','El mundo de la programación está en constante evolución, por lo que mantenerse informado de sus últimos cambios suele ser una prioridad para muchos profesionales. Saber cuáles son los lenguajes más populares puede ayudar a comprender las tendencias de la indu…','https://www.xataka.com/aplicaciones/estos-dos-lenguajes-decada-1950-siguen-haciendo-historia-vuelven-a-estar-populares-mundo','https://i.blogs.es/39aa52/programacion/840_560.jpeg','2024-05-22T21:02:30Z','El mundo de la programación está en constante evolución, por lo que mantenerse informado de sus últimos cambios suele ser una prioridad para muchos profesionales. Saber cuáles son los lenguajes más p… [+2188 chars]'),(8,'The New Yorker','Maya Jasanoff','What the Origins of Humanity Can and Can’t Tell Us','There’s still much to be learned about our prehistory. But we can’t help using it to explain the societies we have or to justify the ones we want.','https://www.newyorker.com/magazine/2024/05/13/the-invention-of-prehistory-empire-violence-and-our-obsession-with-human-origins-stefanos-geroulanos-book-review','https://media.newyorker.com/photos/66310d75ebb078c3ab23621f/16:9/w_1280,c_limit/r44198.jpg','2024-05-06T10:00:00Z','In the summer of 1856, laborers at a limestone quarry near Düsseldorf were clearing mud and chert out of a cave when they turned up a fossilized skull. It was long and elliptical, with wide sinuses a… [+10886 chars]'),(9,'Wired','Will Knight','Pocket-Sized AI Models Could Unlock a New Era of Computing','Research at Microsoft shows it’s possible to make AI models small enough to run on phones or laptops without major compromises to their smarts. The technique could open up new use cases for AI.','https://www.wired.com/story/pocket-sized-ai-models-unlock-new-era-of-computing/','https://media.wired.com/photos/664e75af62bc1a1607ba10c1/191:100/w_1280,c_limit/Shrinking-AI-Models-Fast-Forward-Business-1494930055.jpg','2024-05-23T16:00:00Z','When ChatGPT was released in November 2023, it could only be accessed through the cloud because the model behind it was downright enormous.\r\nToday I am running a similarly capable AI program on a Mac… [+2456 chars]'),(10,'The Verge','Emilia David','Microsoft says it did a lot for responsible AI in inaugural transparency report','Microsoft released its first Responsible AI Transparency report explaining the steps it’s taken to put up guardrails around its AI products.','https://www.theverge.com/2024/5/2/24147573/microsoft-ai-transparency-responsible-ignore-mario','https://cdn.vox-cdn.com/thumbor/CCAiZOaSXBZ90QlUG4O76gDxwwc=/0x0:2040x1360/1200x628/filters:focal(1020x680:1021x681)/cdn.vox-cdn.com/uploads/chorus_asset/file/24347780/STK095_Microsoft_04.jpg','2024-05-02T22:56:24Z','Microsoft says it did a lot for responsible AI in inaugural transparency report\r\nMicrosoft says it did a lot for responsible AI in inaugural transparency report\r\n / The report covers its responsible … [+2997 chars]'),(11,'The Verge','Emilia David','Apple plans to use M2 Ultra chips in the cloud for AI','Apple reportedly wants to offload complex AI queries to high-powered M2 chips in data centers as the company looks to expand its AI plans.','https://www.theverge.com/2024/5/9/24153111/apple-m2-ultra-chips-cloud-data-centers-ai','https://cdn.vox-cdn.com/thumbor/x2E5qk82ChtE9vZvW1p2duIOnxA=/0x0:2040x1360/1200x628/filters:focal(1020x680:1021x681)/cdn.vox-cdn.com/uploads/chorus_asset/file/24401980/STK071_ACastro_apple_0003.jpg','2024-05-09T22:13:16Z','Apple plans to use M2 Ultra chips in the cloud for AI\r\nApple plans to use M2 Ultra chips in the cloud for AI\r\n / The company reportedly plans to divert complex AI queries to servers and keep simple t… [+1731 chars]'),(12,'The Verge','Tom Warren','Microsoft’s new Windows Copilot Runtime aims to win over AI developers','Microsoft wants developers to build Windows AI apps. A new Copilot Runtime is designed to make the process of building AI-powered apps a lot easier.','https://www.theverge.com/2024/5/21/24161688/microsoft-windows-copilot-runtime-build-2024','https://cdn.vox-cdn.com/thumbor/NKUTl_hp1bFmZUwHZv4laoeYv3I=/0x0:3008x2000/1200x628/filters:focal(1504x1000:1505x1001)/cdn.vox-cdn.com/uploads/chorus_asset/file/25458338/DSC00620.JPG','2024-05-21T17:37:12Z','Microsofts new Windows Copilot Runtime aims to win over AI developers\r\nMicrosofts new Windows Copilot Runtime aims to win over AI developers\r\n / Microsoft wants to make it easy for developers to buil… [+2911 chars]'),(13,'The Verge','Emilia David','AI security bill aims to prevent safety breaches of AI models','The Secure Artificial Intelligence Act, filed in the Senate, requires NIST to create a database of AI security breaches and track safety issues.','https://www.theverge.com/2024/5/1/24146566/ai-security-bill-warner-tillis-senate-redteam-safety','https://cdn.vox-cdn.com/thumbor/JfhJG0V1BLHk7fAjGICz3nXtX80=/0x0:2040x1360/1200x628/filters:focal(1020x680:1021x681)/cdn.vox-cdn.com/uploads/chorus_asset/file/25362056/STK_414_AI_CHATBOT_R2_CVirginia_A.jpg','2024-05-01T19:30:40Z','AI security bill aims to prevent safety breaches of AI models\r\nAI security bill aims to prevent safety breaches of AI models\r\n / The Secure Artificial Intelligence Act would create a database trackin… [+2095 chars]'),(14,'Wired','Boone Ashworth','Apple Makes It Easier to Stare at Your Phone in the Car','Plus: Sony Music tries to keep its catalog out of the clutches of AI, there’s a towering new Lord of the Rings Lego set, and Google’s new AI features march onto the web.','https://www.wired.com/story/apple-vehicle-motion-cues/','https://media.wired.com/photos/6647d1202840f013a58dfcc0/191:100/w_1280,c_limit/iOS-Motion-Features.jpg','2024-05-18T11:30:00Z','Youve been there, sitting in the passenger seat of a car, trying to focus intently on your phone as a way to ignore all your karaoke-belting seatmates. And then theres a lurch, or a buildup of motion… [+2981 chars]'),(24,'Stereogum','Danielle Chelosky','Stream Rendez-Vous’ Gnarly New Album Downcast','Since 2012, Rendez-Vous have been putting out some of the most compelling cold wave music out there with eerie earworms like “Distance” and “The Others.” Yesterday, the French band released Downcast, the follow-up to their 2018 debut Superior State, and it’s …','https://www.stereogum.com/2265044/stream-rendez-vous-gnarly-new-album-downcast/music/','https://static.stereogum.com/uploads/2024/05/Rendez-Vous-1716659728.jpeg','2024-05-25T18:20:13Z','Since 2012, Rendez-Vous have been putting out some of the most compelling cold wave music out there with eerie earworms like “Distance” and “The Others.” Yesterday, the French band released Downcast,… [+679 chars]'),(25,'Stereogum','Danielle Chelosky','Stream Rendez-Vous’ Gnarly New Album Downcast','Since 2012, Rendez-Vous have been putting out some of the most compelling cold wave music out there with eerie earworms like “Distance” and “The Others.” Yesterday, the French band released Downcast, the follow-up to their 2018 debut Superior State, and it’s …','https://www.stereogum.com/2265044/stream-rendez-vous-gnarly-new-album-downcast/music/','https://static.stereogum.com/uploads/2024/05/Rendez-Vous-1716659728.jpeg','2024-05-25T18:20:13Z','Since 2012, Rendez-Vous have been putting out some of the most compelling cold wave music out there with eerie earworms like “Distance” and “The Others.” Yesterday, the French band released Downcast,… [+679 chars]'),(31,'Tuttomercatoweb.com','Pierpaolo Matrone','Crespo è campione d\'Asia: l\'Al Ain batte 5-1 lo Yokohama e vince l\'AFC Champions League','Hernan Crespo è campione d\'Asia e salva la panchina. Si tratta del primo trofeo da allenatore per l\'argentino, sbarcato negli Emirati Arabi alla guida dell\'Al-Ain. Nella finale della Champions League','https://www.tuttomercatoweb.com/calcio-estero/crespo-e-campione-d-asia-l-al-ain-batte-5-1-lo-yokohama-e-vince-l-afc-champions-league-1972270','https://tmw-storage.tcccdn.com/storage/tuttomercatoweb.com/img_notizie/thumb3/40/40e275f10b6ebbd42c8822cb81b3f4c9-79101-oooz0000.jpeg','2024-05-25T18:38:00Z','Hernan Crespo è campione d\'Asia e salva la panchina. Si tratta del primo trofeo da allenatore per l\'argentino, sbarcato negli Emirati Arabi alla guida dell\'Al-Ain. Nella finale della Champions League… [+582 chars]'),(32,'Multiplayer.it','Tommaso Pugliese','PlayStation Store, il Pianeta degli Sconti: ecco i giochi PS4 e PS5 da non perdere','Il Pianeta degli Sconti è comparso ancora una volta nei cieli del PlayStation Store, portando con sé un\'ampia selezione di giochi PS4 e PS5 a prezzi mai visti.','https://multiplayer.it/articoli/playstation-store-il-pianeta-degli-sconti-giochi-ps4-ps5-da-non-perdere.html','https://multiplayer.net-cdn.it/thumbs/images/2024/05/24/call-of-duty-modern-warfare-3_jpeg_1200x0_crop_q85.jpg','2024-05-25T09:00:00Z','Su PlayStation Store è tornato Il Pianeta degli Sconti, la promozione che che garantisce riduzioni fino all\'80% su di un\'ampia selezione di giochi PS4 e PS5. Valida fino al 6 giugno, l\'iniziativa di … [+6755 chars]'),(33,'Business Insider','George Glover','A billionaire\'s kids plan to build beachfront mansions to revive Dubai\'s abandoned World Islands','The developers\' father, Hussain Sajwani, is a billionaire who\'s close to Donald Trump.','https://www.businessinsider.com/dubai-real-estate-billionaire-mansions-world-islands-donald-trump-2024-5','https://i.insider.com/6650b37b20abc1efe8fd654b?width=1200&format=jpeg','2024-05-25T12:06:01Z','A rendering of one of the planned mansions on Amali Island in Dubai.Amali Properties\r\n<ul><li>Ali and Amira Sajwani want to revive Dubai\'s failed World Islands project.</li><li>They\'re planning to bu… [+2317 chars]'),(34,'ABC News','DOUG FERGUSON AP golf writer','Grayson Murray dies at age 30 a day after withdrawing from Colonial, PGA Tour says','Murray died a day after withdrawing from Colonial, PGA Tour says.','https://abcnews.go.com/Sports/wireStory/grayson-murray-dies-age-30-day-after-withdrawing-110563551','https://i.abcnewsfe.com/a/b9de5892-d5f8-4bd9-a71b-b226983c9461/wirestory_1e7b61efd74e69b99b141b613c5072dc_16x9.jpg?w=1600','2024-05-25T19:50:30Z','Two-time PGA Tour winner Grayson Murray died Saturday morning at age 30, one day after he withdrew from the Charles Schwab Cup Challenge at Colonial.\r\nThere were no immediate details on the circumsta… [+1172 chars]'),(35,'ABC News','Leah Sarnoff, Matt Foster','PGA winner Grayson Murray, 30, dies after withdrawing from Charles Schwab Challenge','Murray\'s death on Saturday morning was one day after withdrawing from the Charles Schwab Challenge citing an illness.','https://abcnews.go.com/Sports/pga-tour-winner-grayson-murray-dies-30-years/story?id=110563749','https://i.abcnewsfe.com/a/f899852f-d059-4b5a-9f45-4973d8ff3fa2/grayson-murray-gty-jt-240525_1716668467406_hpMain_16x9.jpg?w=1600','2024-05-25T21:25:32Z','Professional golfer and PGA Tour winner Grayson Murray died on Saturday morning at 30 years old, according to PGA officials.\r\n\"We were devastated to learn and are heartbroken to share that PGA TOUR p… [+1471 chars]'),(36,'/FILM','staff@slashfilm.com (Sandy Schaefer)','The Best TV Shows And Movies Coming To Netflix In June 2024','Netflix is bringing the goods in June 2024 between older favorites and some promising new titles. Here&amp;#39;s everything coming to the service that month.','https://www.slashfilm.com/1587345/best-tv-shows-movies-coming-to-netflix-june-2024/','https://www.slashfilm.com/img/gallery/the-best-tv-shows-and-movies-coming-to-netflix-in-june-2024/l-intro-1716399230.jpg','2024-05-25T13:00:30Z','Coming Soon\r\n100 Days to Indy: Season 2\r\nThe Seven Deadly Sins: Four Knights of the Apocalypse: Season 1: Part 2 (JP) NETFLIX ANIME\r\nAs a prophecy of doom unfolds on the peaceful land of Britannia, a… [+13177 chars]'),(40,'BBC News','BBC Sport','De Bruyne expected to stay at Man City - Sunday\'s gossip','Kevin de Bruyne likely to stay at Manchester City, Sir Jim Ratcliffe fails to give assurances about Manchester United manager Erik ten Hag\'s future, plus more.','https://www.bbc.com/sport/football/articles/c144e07kewjo','https://ichef.bbci.co.uk/news/1024/branded_sport/9c0c/live/db559430-1ae0-11ef-a13a-0b8c563da930.png','2024-05-25T22:10:00Z','Paris St-Germain have made a 100m euro (£85m) offer for Georgia forward Khvicha Kvaratskhelia, with the 23-year-old and Napoli still to come to an agreement about a contract renewal. (Gazzetta dello … [+1403 chars]'),(41,'Smartworld.it','Vincenzo Ronca','Gli abbonati Starlink in Italia: trapelano i primi numeri','Quanti italiani sono abbonati a Starlink? L\'azienda ci fornisce qualche stima.\r\nL\'articolo Gli abbonati Starlink in Italia: trapelano i primi numeri sembra essere il primo su Smartworld.','https://www.smartworld.it/news/abbonati-starlink-italia.html','https://www.smartworld.it/images/2024/04/05/starlink-final_1200x675.jpg','2024-05-25T21:53:00Z','Starlink è il servizio creato da Elon Musk per fornire una tipologia del tutto innovativa di connettività a internet. Da qualche anno lo troviamo anche in Italia, ma quanti sono gli abbonati?\r\nQuando… [+1691 chars]'),(42,'BBC News','N/A','As Trump trial hurtles towards verdict, are Americans paying attention?','The former president\'s trial has been a historic moment and filled with salacious detail, but polls suggest a strange level of detachment.','https://www.bbc.com/news/articles/cv22mryvleko','https://ichef.bbci.co.uk/news/1024/branded_news/b6b0/live/929223d0-1a0e-11ef-a13a-0b8c563da930.png','2024-05-26T05:01:21Z','It had all the promise of an only-in-America blockbuster trial, brimming with salacious detail and a former president in the dock.\r\nIn fact, its hard to imagine a bigger courtroom drama, tailor-made … [+10301 chars]'),(44,'N8s.site','Nathan Sizemore','Async Rust Isn\'t Bad: You Are','Learn about your system. Stop being a framework developer. In not too long of a time from now, Rust will be headed the path of the JS world: Now Hiring: Tokio Developer.','https://n8s.site/async-rust-isnt-bad-you-are','https://n8s.site/android-chrome-192x192.png','2024-05-21T00:43:27Z','There have been quite a few articles in the past year or so about the downsides\r\nof using Rust and introducing the async keyword into your code base:\r\nIt generally boils down to two things:\r\n<ul><li>… [+10578 chars]'),(45,'Android Central','derrek.lee@futurenet.com (Derrek Lee)','Nubia Flip 5G review: The phone I wish Samsung would make','The Nubia Flip 5G is the first flip phone from the ZTE sub-brand, offering a Galaxy Z Flip 5-like experience but for literally half the price. But what do you have to sacrifice in order to get your hands on an affordable flip phone?','https://www.androidcentral.com/phones/nubia-flip-5g-review','https://cdn.mos.cms.futurecdn.net/Gs3epnRpnNGJvU2DJbniRj-1200-80.jpg','2024-05-03T08:00:34Z','Samsung has long reigned in the foldable space, particularly due to its cheaper Z Flip series. However, Motorola has given the company some welcome competition in North America with the launch of the… [+14947 chars]');
/*!40000 ALTER TABLE `news` ENABLE KEYS */;
UNLOCK TABLES;

--
-- Table structure for table `utente`
--

DROP TABLE IF EXISTS `utente`;
/*!40101 SET @saved_cs_client     = @@character_set_client */;
/*!50503 SET character_set_client = utf8mb4 */;
CREATE TABLE `utente` (
  `ID_utente` int NOT NULL AUTO_INCREMENT,
  `nome` varchar(255) DEFAULT NULL,
  `cognome` varchar(255) DEFAULT NULL,
  `email` varchar(255) DEFAULT NULL,
  `password` varchar(255) DEFAULT NULL,
  PRIMARY KEY (`ID_utente`),
  UNIQUE KEY `email` (`email`)
) ENGINE=InnoDB AUTO_INCREMENT=4 DEFAULT CHARSET=utf8mb4 COLLATE=utf8mb4_0900_ai_ci;
/*!40101 SET character_set_client = @saved_cs_client */;

--
-- Dumping data for table `utente`
--

LOCK TABLES `utente` WRITE;
/*!40000 ALTER TABLE `utente` DISABLE KEYS */;
INSERT INTO `utente` VALUES (1,'Gabriele','Ruggieri','gabri20022002@gmail.com','ae152f100feffa4d0cd8482f067f70d4ad1d853a3f3b38e431b329eceab8b047'),(2,'Lorenzo','Taverna','lorenzotaverna@icloud.com','b83cb68a006bf684628aaae5775e3794fe4d9ee57bb3d5c9173772b5cd4a4a94'),(3,'Mario','Rossi','mariorossi@gmail.com','b83cb68a006bf684628aaae5775e3794fe4d9ee57bb3d5c9173772b5cd4a4a94');
/*!40000 ALTER TABLE `utente` ENABLE KEYS */;
UNLOCK TABLES;

--
-- Table structure for table `utente_news`
--

DROP TABLE IF EXISTS `utente_news`;
/*!40101 SET @saved_cs_client     = @@character_set_client */;
/*!50503 SET character_set_client = utf8mb4 */;
CREATE TABLE `utente_news` (
  `utente_id` int NOT NULL,
  `news_id` int NOT NULL,
  PRIMARY KEY (`utente_id`,`news_id`),
  KEY `news_id` (`news_id`),
  CONSTRAINT `utente_news_ibfk_1` FOREIGN KEY (`utente_id`) REFERENCES `utente` (`ID_utente`) ON DELETE CASCADE ON UPDATE CASCADE,
  CONSTRAINT `utente_news_ibfk_2` FOREIGN KEY (`news_id`) REFERENCES `news` (`ID_news`) ON DELETE CASCADE ON UPDATE CASCADE
) ENGINE=InnoDB DEFAULT CHARSET=utf8mb4 COLLATE=utf8mb4_0900_ai_ci;
/*!40101 SET character_set_client = @saved_cs_client */;

--
-- Dumping data for table `utente_news`
--

LOCK TABLES `utente_news` WRITE;
/*!40000 ALTER TABLE `utente_news` DISABLE KEYS */;
INSERT INTO `utente_news` VALUES (1,1),(1,2),(1,3),(1,4),(1,5),(1,6),(1,7),(1,8),(2,9),(2,10),(2,11),(2,12),(2,13),(2,14),(1,24),(2,25),(1,31),(1,32),(1,33),(2,33),(2,34),(2,35),(2,36),(1,40),(1,41),(1,42),(2,45);
/*!40000 ALTER TABLE `utente_news` ENABLE KEYS */;
UNLOCK TABLES;
/*!40103 SET TIME_ZONE=@OLD_TIME_ZONE */;

/*!40101 SET SQL_MODE=@OLD_SQL_MODE */;
/*!40014 SET FOREIGN_KEY_CHECKS=@OLD_FOREIGN_KEY_CHECKS */;
/*!40014 SET UNIQUE_CHECKS=@OLD_UNIQUE_CHECKS */;
/*!40101 SET CHARACTER_SET_CLIENT=@OLD_CHARACTER_SET_CLIENT */;
/*!40101 SET CHARACTER_SET_RESULTS=@OLD_CHARACTER_SET_RESULTS */;
/*!40101 SET COLLATION_CONNECTION=@OLD_COLLATION_CONNECTION */;
/*!40111 SET SQL_NOTES=@OLD_SQL_NOTES */;

-- Dump completed on 2024-05-29 10:13:48
